condicion,n,media,IC_95_low,IC_95_high
baseline,39.0,4.403875,4.237333333333333,4.5705
bdi_only,37.90909090909091,4.509848484848485,4.3531818181818185,4.653878787878788
bdi_rag,38.97435897435897,4.203615384615385,4.069410256410256,4.3284102564102565
rag_only,39.0,4.0479,3.9209,4.170566666666667
