U,p_raw,p_bonferroni,cliff_delta
737.1603773584906,0.46651761006289305,0.7602805031446541,-0.015842767295597485
