estabilidad_rol,autenticidad_lexica,autenticidad_emocional,goal_directedness,tactical_consistency,factual_grounding,answer_relevance,persona_score
4.721666666666667,3.9115555555555557,4.326444444444444,4.778333333333332,4.530666666666666,4.105444444444444,4.708444444444444,4.396
