condicion,estabilidad_rol,autenticidad_lexica,autenticidad_emocional,goal_directedness,tactical_consistency,factual_grounding,answer_relevance,lexical_adoption,coherencia_tactica,subordinacion_macro,persona_score,rag_score,bdi_score
A — Baseline,4.666666666666667,3.837666666666667,4.342,4.777666666666667,4.547,4.0343333333333335,4.658,,,,4.367666666666667,,
B — RAG only,4.666666666666667,3.932,4.307666666666667,4.777666666666667,4.495666666666667,4.2139999999999995,4.700666666666667,4.367666666666667,,,4.398666666666666,0.6183333333333333,
C — BDI only,4.780666666666666,3.842333333333333,4.333333333333333,4.666666666666667,4.596333333333333,4.045000000000001,4.780666666666667,,4.561333333333334,4.894666666666667,4.379333333333333,,4.728000000000001
D — BDI+RAG,4.777666666666667,4.025666666666667,4.324666666666666,4.889,4.487333333333333,4.131666666666667,4.700666666666667,4.333,4.385,4.889,4.439666666666667,0.627,4.636666666666667
